"mean_rate","mean_Diff","sd_annual","sd_Diff","ci_lower","ci_upper"
0.568924493620502,22.7569797448201,0.0214303074546748,0.857212298186993,0.527054709874422,0.610684803763378
